{
  "model": "SE-ResNet*",
  "dataset": "dataset1",
  "val_accuracy": 85.375,
  "log_loss": 0.403596,
  "macro_precision": 0.859203,
  "macro_recall": 0.85375,
  "macro_f1": 0.853255,
  "temperature": 1.036756,
  "ensemble_weight": 0.360049,
  "per_class": {
    "belly_pain": {
      "precision": 0.8255,
      "recall": 0.7688,
      "f1": 0.7961,
      "support": 160
    },
    "burping": {
      "precision": 0.9104,
      "recall": 0.7625,
      "f1": 0.8299,
      "support": 160
    },
    "discomfort": {
      "precision": 0.9608,
      "recall": 0.9187,
      "f1": 0.9393,
      "support": 160
    },
    "hungry": {
      "precision": 0.8035,
      "recall": 0.8688,
      "f1": 0.8348,
      "support": 160
    },
    "tired": {
      "precision": 0.7958,
      "recall": 0.95,
      "f1": 0.8661,
      "support": 160
    }
  },
  "confusion_matrix": [
    [
      123,
      6,
      0,
      18,
      13
    ],
    [
      7,
      122,
      4,
      6,
      21
    ],
    [
      2,
      0,
      147,
      10,
      1
    ],
    [
      14,
      1,
      2,
      139,
      4
    ],
    [
      3,
      5,
      0,
      0,
      152
    ]
  ],
  "generated_at": "2026-05-16 23:46"
}