{
  "stage": "stage5_senet",
  "val_acc": 0.8363939899833055,
  "test_acc": 0.8366666666666667,
  "macro_f1": 0.8369559112241877,
  "weighted_f1": 0.8369559112241877
}