{
  "model": "CNN+BiLSTM*",
  "dataset": "dataset1",
  "val_accuracy": 79.625,
  "log_loss": 0.551617,
  "macro_precision": 0.803643,
  "macro_recall": 0.79625,
  "macro_f1": 0.791483,
  "temperature": 0.937033,
  "ensemble_weight": 0.161504,
  "per_class": {
    "belly_pain": {
      "precision": 0.7542,
      "recall": 0.5563,
      "f1": 0.6403,
      "support": 160
    },
    "burping": {
      "precision": 0.8992,
      "recall": 0.725,
      "f1": 0.8028,
      "support": 160
    },
    "discomfort": {
      "precision": 0.8957,
      "recall": 0.9125,
      "f1": 0.904,
      "support": 160
    },
    "hungry": {
      "precision": 0.75,
      "recall": 0.8438,
      "f1": 0.7941,
      "support": 160
    },
    "tired": {
      "precision": 0.719,
      "recall": 0.9437,
      "f1": 0.8162,
      "support": 160
    }
  },
  "confusion_matrix": [
    [
      89,
      5,
      8,
      29,
      29
    ],
    [
      14,
      116,
      2,
      5,
      23
    ],
    [
      3,
      1,
      146,
      10,
      0
    ],
    [
      9,
      2,
      7,
      135,
      7
    ],
    [
      3,
      5,
      0,
      1,
      151
    ]
  ],
  "generated_at": "2026-05-16 23:46"
}