{
  "stage": "stage3_bilstm",
  "val_acc": 0.8330550918196995,
  "test_acc": 0.85,
  "macro_f1": 0.8499297616908557,
  "weighted_f1": 0.8499297616908557
}