{
  "model": "BaselineCNN*",
  "dataset": "dataset1",
  "val_accuracy": 82.0,
  "log_loss": 0.479292,
  "macro_precision": 0.830173,
  "macro_recall": 0.82,
  "macro_f1": 0.815748,
  "temperature": 0.873054,
  "ensemble_weight": 0.137214,
  "per_class": {
    "belly_pain": {
      "precision": 0.7941,
      "recall": 0.675,
      "f1": 0.7297,
      "support": 160
    },
    "burping": {
      "precision": 0.9211,
      "recall": 0.6562,
      "f1": 0.7664,
      "support": 160
    },
    "discomfort": {
      "precision": 0.8722,
      "recall": 0.9812,
      "f1": 0.9235,
      "support": 160
    },
    "hungry": {
      "precision": 0.8418,
      "recall": 0.8313,
      "f1": 0.8365,
      "support": 160
    },
    "tired": {
      "precision": 0.7217,
      "recall": 0.9563,
      "f1": 0.8226,
      "support": 160
    }
  },
  "confusion_matrix": [
    [
      108,
      3,
      8,
      19,
      22
    ],
    [
      12,
      105,
      6,
      3,
      34
    ],
    [
      1,
      1,
      157,
      1,
      0
    ],
    [
      14,
      2,
      8,
      133,
      3
    ],
    [
      1,
      3,
      1,
      2,
      153
    ]
  ],
  "generated_at": "2026-05-16 23:46"
}