{
  "stage": "stage4_transformer",
  "val_acc": 0.8313856427378965,
  "test_acc": 0.8183333333333334,
  "macro_f1": 0.8163698719419525,
  "weighted_f1": 0.8163698719419525
}